,customerID,email
0,1,ekim@gmail.com
1,2,melissa97@gmail.com
2,3,debra39@gmail.com
3,4,paula26@gmail.com
4,5,vanessasimmons@gmail.com
5,6,simonandrew@gmail.com
6,7,macdonaldbrandi@gmail.com
7,8,caseylisa@gmail.com
8,9,mary33@gmail.com
9,10,ichavez@gmail.com
10,11,jason88@gmail.com
11,12,alvarezcheryl@gmail.com
12,13,timothy80@gmail.com
13,14,hardingkelsey@gmail.com
14,15,brad95@gmail.com
15,16,hodgesjason@gmail.com
16,17,maynardmichael@gmail.com
17,18,woodardmadison@gmail.com
18,19,danielstephanie@gmail.com
19,20,sabrina88@gmail.com
20,21,kellismith@gmail.com
21,22,nathan04@gmail.com
22,23,cward@gmail.com
23,24,brandon42@gmail.com
24,25,tfox@gmail.com
25,26,rodriguezmargaret@gmail.com
26,27,johnsonjeffrey@gmail.com
27,28,jennifer16@gmail.com
28,29,cynthia39@gmail.com
29,30,pprice@gmail.com
30,31,kimberlyjordan@gmail.com
31,32,wkennedy@gmail.com
32,33,brian72@gmail.com
33,34,andrew93@gmail.com
34,35,jonescrystal@gmail.com
35,36,michaelramos@gmail.com
36,37,lopezjessica@gmail.com
37,38,michael10@gmail.com
38,39,pamelamontgomery@gmail.com
39,40,rvaldez@gmail.com
40,41,julieodom@gmail.com
41,42,davidwhite@gmail.com
42,43,lhull@gmail.com
43,44,cheryl94@gmail.com
44,45,cookthomas@gmail.com
45,46,christine08@gmail.com
46,47,pchambers@gmail.com
47,48,david11@gmail.com
48,49,noah51@gmail.com
49,50,billywilliams@gmail.com
