,firstName,lastName,email,phone,customerPassword
0,Lisa,Weiss,kathleenwilson@gmail.com,(733)974-9551,90YCI_zp+5
1,Connie,Barron,jhendricks@gmail.com,(467)355-5798,%L8NX%m$#M
2,Debbie,Andrews,taraweaver@gmail.com,(706)880-6619,a(v9StJgBn
3,Anthony,Blair,ksmith@gmail.com,(410)842-5750,d@5GeBbguZ
4,David,Brady,michellegilmore@gmail.com,(435)998-7637,Pca3uJhJk@
5,Calvin,Frederick,sarahrobinson@gmail.com,(753)458-3488,MZM(7Wv_R(
6,Jeremy,Bennett,william82@gmail.com,(647)619-7925,Ju)JXhAr!0
7,Bryan,Wyatt,carol05@gmail.com,(915)550-3241,^Tlc$eSnt2
8,John,Wilson,tonyrobinson@gmail.com,(130)417-8981,a6a3Nsjv*i
9,Mr.,Patrick,amyweiss@gmail.com,(423)569-9757,*Y4jzZ2ciA
10,Brandy,Washington,xtaylor@gmail.com,(110)166-0077,+U9ZhCa1RC
11,Willie,Oneill,alyssa90@gmail.com,(241)549-9414,SJ0Cd3iv(U
12,Jasmine,Hunt,larryberg@gmail.com,(721)551-6340,%E3FrgxN!N
13,Andre,Robinson,lauren71@gmail.com,(265)441-5210,)hMqhT$S7t
14,David,Gonzalez,haileyrichmond@gmail.com,(842)134-2808,54AK9Cgn&^
15,Colleen,Ballard,bushrobert@gmail.com,(942)458-5561,+&I4cyZu6d
16,Brittany,Richardson,sloanlauren@gmail.com,(434)859-0773,@J#)3Sxj+*
17,Alexandria,Escobar,nathanross@gmail.com,(499)145-3737,+56ouLiQQd
18,Shari,Day,carlos15@gmail.com,(446)007-4958,I(3SmXwiJq
19,Peter,Nixon,crystal53@gmail.com,(979)001-0926,e*$3OqJn3c
20,Johnny,Wilkerson,nelsonmichael@gmail.com,(806)653-7737,04kEFY0D$v
21,Ryan,Barker,watsoneric@gmail.com,(959)213-1616,3^&OUQ$o@B
22,Adam,Solomon,vlewis@gmail.com,(598)799-3699,x_1Orn*Zs1
23,Mary,Knight,williamsnicole@gmail.com,(931)153-4196,pte7NZBb+7
24,Michael,Blake,ooconnor@gmail.com,(130)435-4325,o6&Syx0J$G
25,Tyler,Young,ccunningham@gmail.com,(709)176-6942,3+7B92hjJv
26,Robert,Hill,michael16@gmail.com,(535)608-1775,)QQ7HsH4f*
27,Jennifer,Gonzales,tarellano@gmail.com,(759)026-8555,6208MhzC#T
28,Renee,Davis,nvillarreal@gmail.com,(219)981-6707,1$+w4QXjbZ
29,John,Hooper,corygraves@gmail.com,(968)822-2813,p3qb_Xoi_f
30,Tamara,Burton,bvargas@gmail.com,(566)667-8001,#%0*WE!aB+
31,Ronald,Stewart,sampsonashley@gmail.com,(850)336-4532,%8AVCKcvU7
32,Lynn,Pope,marissacunningham@gmail.com,(535)186-6467,S73HEBv*J+
33,Carlos,Green,ortegabrian@gmail.com,(897)768-5684,%97l8mHg@z
34,Mary,Graham,zthompson@gmail.com,(862)589-6226,_5kTC0mvGe
35,Melissa,Johnson,christineross@gmail.com,(849)108-3147,2FBh#Koe+1
36,Gerald,Jones,roweleonard@gmail.com,(841)809-4096,C9Q5TD$q(@
37,Austin,Rodriguez,jessica66@gmail.com,(643)069-5943,4o(1sPlz#l
38,Victor,Stein,jsmith@gmail.com,(547)377-2724,(9(jX^3gRr
39,Kelly,Ford,cynthiawalker@gmail.com,(664)807-9105,a+Z1HtYiJb
40,Paul,Lawrence,robert27@gmail.com,(777)165-2747,iXQ7Tzvk&7
41,Daniel,Burton,kayla13@gmail.com,(949)751-9481,*6qaHPe*EU
42,Sarah,Davis,sydney45@gmail.com,(503)770-8955,@2Q4*2Ym8Y
43,Kevin,Valencia,randolphkristin@gmail.com,(501)068-0885,A%O21Ho06k
44,Daniel,Smith,bhill@gmail.com,(218)906-1953,_^4JpS8f%o
45,Heather,Medina,lirwin@gmail.com,(301)950-9814,&*$9Zlowao
46,Lance,Conner,idickson@gmail.com,(994)364-2247,@QtWmEEc4c
47,Nicholas,Reed,sergio98@gmail.com,(350)872-3886,m%4Y9QbJP$
48,Brian,Wang,jody80@gmail.com,(287)714-1299,j$59DQgeg!
49,Jason,Dickerson,echen@gmail.com,(378)688-1592,%7QKZkzf+C
