,customerID,firstName,lastName,phone,customerPassword
0,1,Joseph,Carter,(521)898-4758,3#)!O0WZLg
1,2,George,Green,(926)440-5474,qZZe14Ap!W
2,3,Benjamin,Hardin,(675)314-7341,cv#8QbpU&B
3,4,James,Delacruz,(172)443-5148,W30oBwJ%_)
4,5,Ashley,Morris,(320)824-8276,K#!!3Gzio8
5,6,Joel,Reed,(723)303-6661,k_r2KmJuFx
6,7,April,Serrano,(985)778-6923,g_6JjICawu
7,8,Debra,Meyer,(225)866-9361,))I1FzOiVY
8,9,Amanda,Sanchez,(278)662-6820,j7KFJMd&%v
9,10,Bethany,Lopez,(983)825-3437,_)4xLsevo&
10,11,James,Mathews,(792)278-0210,48Pp8QwnL@
11,12,Jennifer,Smith,(831)472-9937,*3kmm*Se0x
12,13,Catherine,Nelson,(279)737-5928,13DZZbDG(K
13,14,Robert,Williams,(986)149-2581,+DUNxYuwt6
14,15,Maria,Jenkins,(178)936-6048,(e1bJxil57
15,16,James,Stewart,(733)625-0386,*f+9CxiE@e
16,17,Joshua,Henderson,(906)657-4216,s@Y6OcpnCi
17,18,Michelle,Grant,(187)859-0508,a_4D0J4dKa
18,19,David,Pierce,(272)420-4572,%aNM*xJVd0
19,20,Tami,Perez,(978)645-3392,4mx#ANUd&7
20,21,Michael,Rodriguez,(116)356-9790,%4cH&nK*4t
21,22,Randall,Livingston,(377)262-9166,*_2N1j*sM(
22,23,Tina,Powell,(495)700-4738,5d!6JuYMsk
23,24,Catherine,Pena,(515)876-1170,@7VoZNVpCt
24,25,Tyler,Taylor,(789)228-6215,CR6OBxo!z!
25,26,Gerald,Carr,(400)064-3117,VpVUa9_I%1
26,27,James,King,(226)014-1097,)71wS1ef($
27,28,Luis,Smith,(343)979-2416,)1GW+Ofw%s
28,29,Kayla,Henderson,(370)438-8891,o+0xXIMfs9
29,30,Aaron,Oliver,(182)922-2970,58p)ImN3+g
30,31,Rebecca,Perez,(793)929-9788,^)35Wvk85i
31,32,Gina,Kerr,(901)858-6871,+M2xVTm*C@
32,33,Shannon,James,(713)804-0269,Y^7V0U3Oln
33,34,Robert,Washington,(144)439-2900,*2*Kr$Lj$d
34,35,Gary,Roberts,(958)402-4285,$dS1Nz#zT5
35,36,Alexis,Rodriguez,(186)828-1262,*4j9)MQtyO
36,37,Christopher,Williams,(757)636-3790,+HvDIv4p(7
37,38,Paul,Gray,(547)982-7714,yx1P9a#hp%
38,39,Thomas,Rivera,(591)807-2376,v2O7R*ma)V
39,40,Gloria,Moore,(968)209-9945,c!(2)vOb(4
40,41,Mrs.,Elizabeth,(724)463-0424,@A&9BmoO8R
41,42,Kevin,Le,(137)987-8200,F%5ihaXuAa
42,43,Amy,Lane,(948)728-5281,!B6TwAZqjg
43,44,Valerie,Rojas,(796)872-0074,1+Tk9Dom*8
44,45,Samantha,Mitchell,(654)646-6425,#2x0XzR7y*
45,46,Wanda,Hernandez,(625)592-5550,X_O2UwvEMU
46,47,Eric,Gonzalez,(634)376-5721,0g_$4TJfhS
47,48,Matthew,Baker,(877)460-3700,(yK#!Z*oX7
48,49,Bryan,Cowan,(241)329-3198,@c1LpTIv0y
49,50,Erin,Thomas,(395)208-3182,z3KI@jP%*Q
