,employeeID,email
0,1,laurenvance@gmail.com
1,2,salinaskelli@gmail.com
2,3,brenda82@gmail.com
3,4,diazrichard@gmail.com
4,5,moranrandy@gmail.com
5,6,mhurley@gmail.com
6,7,carolyn02@gmail.com
7,8,pmartin@gmail.com
8,9,perrygordon@gmail.com
9,10,ywallace@gmail.com
10,11,scott50@gmail.com
11,12,milesanna@gmail.com
12,13,emilyduncan@gmail.com
13,14,bethanyrandall@gmail.com
14,15,morgankrystal@gmail.com
15,16,christine61@gmail.com
16,17,chelsea54@gmail.com
17,18,aaron21@gmail.com
18,19,epatterson@gmail.com
19,20,jeanettebennett@gmail.com
20,21,zjones@gmail.com
21,22,rebecca36@gmail.com
22,23,wdavila@gmail.com
23,24,ugray@gmail.com
24,25,laurawilkerson@gmail.com
25,26,cmartin@gmail.com
26,27,megancrawford@gmail.com
27,28,joebarton@gmail.com
28,29,tylernelson@gmail.com
29,30,gina14@gmail.com
